country_name,year,happiness,country,latitude,longitude
Afghanistan,2018,2.694,AF,33.93911,67.709953
Albania,2018,5.004,AL,41.153332,20.168331
Algeria,2018,5.043,DZ,28.033886,1.659626
Angola,2014,3.795,AO,-11.202692,17.873887
Argentina,2018,5.793,AR,-38.416097,-63.616672
Armenia,2018,5.062,AM,40.069099,45.038189
Australia,2018,7.177,AU,-25.274398,133.775136
Austria,2018,7.396,AT,47.516231,14.550072
Azerbaijan,2018,5.168,AZ,40.143105,47.576927
Bahrain,2017,6.227,BH,25.930414,50.637772
Bangladesh,2018,4.499,BD,23.684994,90.356331
Belarus,2018,5.234,BY,53.709807,27.953389
Belgium,2018,6.892,BE,50.503887,4.469936
Belize,2014,5.956,BZ,17.189877,-88.49765
Benin,2018,5.82,BJ,9.30769,2.315834
Bhutan,2015,5.082,BT,27.514162,90.433601
Bolivia,2018,5.916,BO,-16.290154,-63.588653
Bosnia and Herzegovina,2018,5.887,BA,43.915886,17.679076
Botswana,2018,3.461,BW,-22.328474,24.684866
Brazil,2018,6.191,BR,-14.235004,-51.92528
Bulgaria,2018,5.099,BG,42.733883,25.48583
Burkina Faso,2018,4.927,BF,12.238333,-1.561593
Burundi,2018,3.775,BI,-3.373056,29.918886
Cambodia,2018,5.122,KH,12.565679,104.990963
Cameroon,2018,5.251,CM,7.369722,12.354722
Canada,2018,7.175,CA,56.130366,-106.346771
Central African Republic,2017,3.476,CF,6.611111,20.939444
Chad,2018,4.486,TD,15.454166,18.732207
Chile,2018,6.436,CL,-35.675147,-71.542969
China,2018,5.131,CN,35.86166,104.195397
Colombia,2018,5.984,CO,4.570868,-74.297333
Comoros,2018,3.973,KM,-11.875001,43.872219
Costa Rica,2018,7.141,CR,9.748917,-83.753428
Croatia,2018,5.536,HR,45.1,15.2
Cuba,2006,5.418,CU,21.521757,-77.781167
Cyprus,2018,6.276,CY,35.126413,33.429859
Czech Republic,2018,7.034,CZ,49.817492,15.472962
Denmark,2018,7.649,DK,56.26392,9.501785
Djibouti,2011,4.369,DJ,11.825138,42.590275
Dominican Republic,2018,5.433,DO,18.735693,-70.162651
Ecuador,2018,6.128,EC,-1.831239,-78.183406
Egypt,2018,4.005,EG,26.820553,30.802498
El Salvador,2018,6.276,SV,13.794185,-88.89653
Estonia,2018,6.091,EE,58.595272,25.013607
Ethiopia,2018,4.379,ET,9.145,40.489673
Finland,2018,7.858,FI,61.92411,25.748151
France,2018,6.666,FR,46.227638,2.213749
Gabon,2018,4.783,GA,-0.803689,11.609444
Gambia,2018,4.922,GM,13.443182,-15.310139
Georgia,2018,4.659,GE,42.315407,43.356892
Germany,2018,7.118,DE,51.165691,10.451526
Ghana,2017,5.481,GH,7.946527,-1.023194
Greece,2018,5.409,GR,39.074208,21.824312
Guatemala,2018,6.627,GT,15.783471,-90.230759
Guinea,2018,5.252,GN,9.945587,-9.696645
Guyana,2007,5.993,GY,4.860416,-58.93018
Haiti,2018,3.615,HT,18.971187,-72.285215
Honduras,2018,5.908,HN,15.199999,-86.241905
Hungary,2017,6.065,HU,47.162494,19.503304
Iceland,2017,7.476,IS,64.963051,-19.020835
India,2018,3.818,IN,20.593684,78.96288
Indonesia,2018,5.34,ID,-0.789275,113.921327
Iran,2018,4.278,IR,32.427908,53.688046
Iraq,2017,4.462,IQ,33.223191,43.679291
Ireland,2018,6.962,IE,53.41291,-8.24389
Israel,2018,6.927,IL,31.046051,34.851612
Italy,2018,6.517,IT,41.87194,12.56738
Jamaica,2017,5.89,JM,18.109581,-77.297508
Japan,2018,5.794,JP,36.204824,138.252924
Jordan,2018,4.639,JO,30.585164,36.238414
Kazakhstan,2018,6.008,KZ,48.019573,66.923684
Kenya,2018,4.656,KE,-0.023559,37.906193
Kosovo,2018,6.392,XK,42.602636,20.902977
Kuwait,2017,6.094,KW,29.31166,47.481766
Kyrgyzstan,2018,5.297,KG,41.20438,74.766098
Laos,2018,4.859,LA,19.85627,102.495496
Latvia,2018,5.901,LV,56.879635,24.603189
Lebanon,2018,5.167,LB,33.854721,35.862285
Lesotho,2017,3.795,LS,-29.609988,28.233608
Liberia,2018,4.135,LR,6.428055,-9.429499
Libya,2018,5.494,LY,26.3351,17.228331
Lithuania,2018,6.309,LT,55.169438,23.881275
Luxembourg,2018,7.243,LU,49.815273,6.129583
Madagascar,2018,4.071,MG,-18.766947,46.869107
Malawi,2018,3.335,MW,-13.254308,34.301525
Malaysia,2018,5.339,MY,4.210484,101.975766
Mali,2018,4.416,ML,17.570692,-3.996166
Malta,2018,6.91,MT,35.937496,14.375416
Mauritania,2018,4.314,MR,21.00789,-10.940835
Mauritius,2018,5.882,MU,-20.348404,57.552152
Mexico,2018,6.55,MX,23.634501,-102.552784
Moldova,2018,5.682,MD,47.411631,28.369885
Mongolia,2018,5.465,MN,46.862496,103.846656
Montenegro,2018,5.65,ME,42.708678,19.37439
Morocco,2018,4.897,MA,31.791702,-7.09262
Mozambique,2018,4.654,MZ,-18.665695,35.529562
Namibia,2018,4.834,,-22.95764,18.49041
Nepal,2018,4.91,NP,28.394857,84.124008
Netherlands,2018,7.463,NL,52.132633,5.291266
New Zealand,2018,7.37,NZ,-40.900557,174.885971
Nicaragua,2018,5.819,NI,12.865416,-85.207229
Niger,2018,5.164,NE,17.607789,8.081666
Nigeria,2018,5.252,NG,9.081999,8.675277
Norway,2018,7.444,NO,60.472024,8.468946
Oman,2011,6.853,OM,21.512583,55.923255
Pakistan,2018,5.472,PK,30.375321,69.345116
Palestinian Territories,2018,4.554,PS,31.952162,35.233154
Panama,2018,6.281,PA,8.537981,-80.782127
Paraguay,2017,5.713,PY,-23.442503,-58.443832
Peru,2018,5.68,PE,-9.189967,-75.015152
Philippines,2018,5.869,PH,12.879721,121.774017
Poland,2017,6.201,PL,51.919438,19.145136
Portugal,2018,5.92,PT,39.399872,-8.224454
Qatar,2015,6.375,QA,25.354826,51.183884
Romania,2018,6.151,RO,45.943161,24.96676
Russia,2018,5.514,RU,61.52401,105.318756
Rwanda,2018,3.561,RW,-1.940278,29.873888
Saudi Arabia,2018,6.356,SA,23.885942,45.079162
Senegal,2018,4.769,SN,14.497401,-14.452362
Serbia,2018,5.936,RS,44.016521,21.005859
Sierra Leone,2018,4.306,SL,8.460555,-11.779889
Singapore,2018,6.375,SG,1.352083,103.819836
Slovakia,2018,6.235,SK,48.669026,19.699024
Slovenia,2018,6.249,SI,46.151241,14.995463
Somalia,2016,4.668,SO,5.152149,46.199616
South Africa,2018,4.884,ZA,-30.559482,22.937506
South Korea,2018,5.84,KR,35.907757,127.766922
Spain,2018,6.513,ES,40.463667,-3.74922
Sri Lanka,2018,4.4,LK,7.873054,80.771797
Sudan,2014,4.139,SD,12.862807,30.217636
Suriname,2012,6.269,SR,3.919305,-56.027783
Swaziland,2018,4.212,SZ,-26.522503,31.465866
Sweden,2018,7.375,SE,60.128161,18.643501
Switzerland,2018,7.509,CH,46.818188,8.227512
Syria,2015,3.462,SY,34.802075,38.996815
Tajikistan,2017,5.829,TJ,38.861034,71.276093
Tanzania,2018,3.445,TZ,-6.369028,34.888822
Thailand,2018,6.012,TH,15.870032,100.992541
Togo,2018,4.023,TG,8.619543,0.824782
Trinidad and Tobago,2017,6.192,TT,10.691803,-61.222503
Tunisia,2018,4.741,TN,33.886917,9.537499
Turkey,2018,5.186,TR,38.963745,35.243322
Turkmenistan,2018,4.621,TM,38.969719,59.556278
Uganda,2018,4.322,UG,1.373333,32.290275
Ukraine,2018,4.662,UA,48.379433,31.16558
United Arab Emirates,2018,6.604,AE,23.424076,53.847818
United Kingdom,2018,7.233,GB,55.378051,-3.435973
United States,2018,6.883,US,37.09024,-95.712891
Uruguay,2018,6.372,UY,-32.522779,-55.765835
Uzbekistan,2018,6.205,UZ,41.377491,64.585262
Venezuela,2018,5.006,VE,6.42375,-66.58973
Vietnam,2018,5.296,VN,14.058324,108.277199
Yemen,2018,3.058,YE,15.552727,48.516388
Zambia,2018,4.041,ZM,-13.133897,27.849332
