country_name,code,gyear,gini,country,latitude,longitude
Albania,ALB,2012,29.0,AL,41.153332,20.168331
Algeria,DZA,2011,27.6,DZ,28.033886,1.659626
Angola,AGO,2008,42.7,AO,-11.202692,17.873887
Argentina,ARG,2016,42.4,AR,-38.416097,-63.616672
Armenia,ARM,2016,32.5,AM,40.069099,45.038189
Australia,AUS,2010,34.7,AU,-25.274398,133.775136
Austria,AUT,2015,30.5,AT,47.516231,14.550072
Azerbaijan,AZE,2005,16.6,AZ,40.143105,47.576927
Bangladesh,BGD,2016,32.4,BD,23.684994,90.356331
Belarus,BLR,2016,27.0,BY,53.709807,27.953389
Belgium,BEL,2015,27.7,BE,50.503887,4.469936
Benin,BEN,2015,47.8,BJ,9.30769,2.315834
Bhutan,BTN,2012,38.8,BT,27.514162,90.433601
Bolivia,BOL,2016,44.6,BO,-16.290154,-63.588653
Bosnia and Herzegovina,BIH,2015,32.7,BA,43.915886,17.679076
Botswana,BWA,2009,60.5,BW,-22.328474,24.684866
Brazil,BRA,2015,51.3,BR,-14.235004,-51.92528
Bulgaria,BGR,2014,37.4,BG,42.733883,25.48583
Burkina Faso,BFA,2014,35.3,BF,12.238333,-1.561593
Burundi,BDI,2013,38.6,BI,-3.373056,29.918886
Cameroon,CMR,2014,46.6,CM,7.369722,12.354722
Canada,CAN,2013,34.0,CA,56.130366,-106.346771
Central African Republic,CAF,2008,56.2,CF,6.611111,20.939444
Chad,TCD,2011,43.3,TD,15.454166,18.732207
Chile,CHL,2015,47.7,CL,-35.675147,-71.542969
China,CHN,2012,42.2,CN,35.86166,104.195397
Colombia,COL,2016,50.8,CO,4.570868,-74.297333
Comoros,COM,2013,45.3,KM,-11.875001,43.872219
Costa Rica,CRI,2016,48.7,CR,9.748917,-83.753428
Croatia,HRV,2015,30.8,HR,45.1,15.2
Cyprus,CYP,2015,34.0,CY,35.126413,33.429859
Czech Republic,CZE,2015,25.9,CZ,49.817492,15.472962
Denmark,DNK,2015,28.2,DK,56.26392,9.501785
Djibouti,DJI,2013,44.1,DJ,11.825138,42.590275
Dominican Republic,DOM,2016,45.3,DO,18.735693,-70.162651
Ecuador,ECU,2016,45.0,EC,-1.831239,-78.183406
El Salvador,SLV,2016,40.0,SV,13.794185,-88.89653
Estonia,EST,2015,32.7,EE,58.595272,25.013607
Ethiopia,ETH,2015,39.1,ET,9.145,40.489673
Fiji,FJI,2013,36.4,FJ,-16.578193,179.414413
Finland,FIN,2015,27.1,FI,61.92411,25.748151
France,FRA,2015,32.7,FR,46.227638,2.213749
Gabon,GAB,2005,42.2,GA,-0.803689,11.609444
Georgia,GEO,2016,36.5,GE,42.315407,43.356892
Germany,DEU,2015,31.7,DE,51.165691,10.451526
Ghana,GHA,2012,42.4,GH,7.946527,-1.023194
Greece,GRC,2015,36.0,GR,39.074208,21.824312
Guatemala,GTM,2014,48.3,GT,15.783471,-90.230759
Guinea,GIN,2012,33.7,GN,9.945587,-9.696645
Guinea-Bissau,GNB,2010,50.7,GW,11.803749,-15.180413
Haiti,HTI,2012,41.1,HT,18.971187,-72.285215
Honduras,HND,2016,50.0,HN,15.199999,-86.241905
Hungary,HUN,2015,30.4,HU,47.162494,19.503304
Iceland,ISL,2014,25.6,IS,64.963051,-19.020835
Indonesia,IDN,2013,39.5,ID,-0.789275,113.921327
Iraq,IRQ,2012,29.5,IQ,33.223191,43.679291
Ireland,IRL,2014,31.9,IE,53.41291,-8.24389
Israel,ISR,2012,41.4,IL,31.046051,34.851612
Italy,ITA,2014,34.7,IT,41.87194,12.56738
Japan,JPN,2008,32.1,JP,36.204824,138.252924
Jordan,JOR,2010,33.7,JO,30.585164,36.238414
Kazakhstan,KAZ,2015,26.9,KZ,48.019573,66.923684
Kiribati,KIR,2006,37.0,KI,-3.370417,-168.734039
Kosovo,XKX,2015,26.4,XK,42.602636,20.902977
Latvia,LVA,2015,34.2,LV,56.879635,24.603189
Lebanon,LBN,2011,31.8,LB,33.854721,35.862285
Lesotho,LSO,2010,54.2,LS,-29.609988,28.233608
Liberia,LBR,2014,33.2,LR,6.428055,-9.429499
Lithuania,LTU,2015,37.4,LT,55.169438,23.881275
Luxembourg,LUX,2014,31.2,LU,49.815273,6.129583
Madagascar,MDG,2012,42.6,MG,-18.766947,46.869107
Malawi,MWI,2010,45.5,MW,-13.254308,34.301525
Malaysia,MYS,2009,46.3,MY,4.210484,101.975766
Maldives,MDV,2009,38.4,MV,3.202778,73.22068
Mali,MLI,2009,33.0,ML,17.570692,-3.996166
Malta,MLT,2014,29.0,MT,35.937496,14.375416
Mauritania,MRT,2014,32.6,MR,21.00789,-10.940835
Mauritius,MUS,2012,35.8,MU,-20.348404,57.552152
Mexico,MEX,2016,43.4,MX,23.634501,-102.552784
Moldova,MDA,2016,26.3,MD,47.411631,28.369885
Mongolia,MNG,2016,32.3,MN,46.862496,103.846656
Montenegro,MNE,2014,31.9,ME,42.708678,19.37439
Morocco,MAR,2006,40.7,MA,31.791702,-7.09262
Namibia,NAM,2009,61.0,,-22.95764,18.49041
Nepal,NPL,2010,32.8,NP,28.394857,84.124008
Netherlands,NLD,2015,29.3,NL,52.132633,5.291266
Nicaragua,NIC,2014,46.2,NI,12.865416,-85.207229
Niger,NER,2014,34.3,NE,17.607789,8.081666
Nigeria,NGA,2009,43.0,NG,9.081999,8.675277
Norway,NOR,2015,27.5,NO,60.472024,8.468946
Pakistan,PAK,2013,30.7,PK,30.375321,69.345116
Panama,PAN,2016,50.4,PA,8.537981,-80.782127
Papua New Guinea,PNG,2009,41.9,PG,-6.314993,143.95555
Paraguay,PRY,2016,47.9,PY,-23.442503,-58.443832
Peru,PER,2016,43.8,PE,-9.189967,-75.015152
Philippines,PHL,2015,40.1,PH,12.879721,121.774017
Poland,POL,2015,31.8,PL,51.919438,19.145136
Portugal,PRT,2015,35.5,PT,39.399872,-8.224454
Romania,ROU,2016,28.3,RO,45.943161,24.96676
Rwanda,RWA,2013,50.4,RW,-1.940278,29.873888
Samoa,WSM,2008,42.0,WS,-13.759029,-172.104629
Senegal,SEN,2011,40.3,SN,14.497401,-14.452362
Serbia,SRB,2015,28.5,RS,44.016521,21.005859
Seychelles,SYC,2013,46.8,SC,-4.679574,55.491977
Sierra Leone,SLE,2011,34.0,SL,8.460555,-11.779889
Slovenia,SVN,2015,25.4,SI,46.151241,14.995463
Solomon Islands,SLB,2013,37.1,SB,-9.64571,160.156194
South Africa,ZAF,2014,63.0,ZA,-30.559482,22.937506
Spain,ESP,2015,36.2,ES,40.463667,-3.74922
Sri Lanka,LKA,2016,39.8,LK,7.873054,80.771797
Sudan,SDN,2009,35.4,SD,12.862807,30.217636
Suriname,SUR,1999,57.6,SR,3.919305,-56.027783
Swaziland,SWZ,2009,51.5,SZ,-26.522503,31.465866
Sweden,SWE,2015,29.2,SE,60.128161,18.643501
Switzerland,CHE,2014,32.5,CH,46.818188,8.227512
Tajikistan,TJK,2015,34.0,TJ,38.861034,71.276093
Tanzania,TZA,2011,37.8,TZ,-6.369028,34.888822
Thailand,THA,2013,37.8,TH,15.870032,100.992541
Timor-Leste,TLS,2014,28.7,TL,-8.874217,125.727539
Togo,TGO,2015,43.1,TG,8.619543,0.824782
Tonga,TON,2009,37.5,TO,-21.178986,-175.198242
Trinidad and Tobago,TTO,1992,40.3,TT,10.691803,-61.222503
Tunisia,TUN,2010,35.8,TN,33.886917,9.537499
Turkey,TUR,2016,41.9,TR,38.963745,35.243322
Tuvalu,TUV,2010,39.1,TV,-7.109535,177.64933
Uganda,UGA,2012,41.0,UG,1.373333,32.290275
Ukraine,UKR,2016,25.0,UA,48.379433,31.16558
United Kingdom,GBR,2015,33.2,GB,55.378051,-3.435973
United States,USA,2016,41.5,US,37.09024,-95.712891
Uruguay,URY,2016,39.7,UY,-32.522779,-55.765835
Vanuatu,VUT,2010,37.6,VU,-15.376706,166.959158
Vietnam,VNM,2014,34.8,VN,14.058324,108.277199
Zambia,ZMB,2015,57.1,ZM,-13.133897,27.849332
