country_name,region_id,gdp,population,country,latitude,longitude,code,gyear,gini,year,happiness,gdpPerCap
Angola,SSF,103042000000.0,25096150.0,AO,-11.202692,17.873887,AGO,2008,42.7,2014,3.795,4105.89
Albania,ECS,13471082475.0,2880703.0,AL,41.153332,20.168331,ALB,2012,29.0,2018,5.004,4676.32
Argentina,LCN,447518000000.0,42981515.0,AR,-38.416097,-63.616672,ARG,2016,42.4,2018,5.793,10411.87
Armenia,ECS,11501998666.0,2906220.0,AM,40.069099,45.038189,ARM,2016,32.5,2018,5.062,3957.72
Australia,EAS,1349300000000.0,23789338.0,AU,-25.274398,133.775136,AUS,2010,34.7,2018,7.177,56718.69
Austria,ECS,420040000000.0,8633169.0,AT,47.516231,14.550072,AUT,2015,30.5,2018,7.396,48654.21
Azerbaijan,ECS,57195531762.0,9649341.0,AZ,40.143105,47.576927,AZE,2005,16.6,2018,5.168,5927.4
Burundi,SSF,2297241392.0,6741569.0,BI,-3.373056,29.918886,BDI,2013,38.6,2018,3.775,340.76
Belgium,ECS,515103000000.0,11274196.0,BE,50.503887,4.469936,BEL,2015,27.7,2018,6.892,45688.67
Benin,SSF,9102277423.0,5521763.0,BJ,9.30769,2.315834,BEN,2015,47.8,2018,5.82,1648.44
Burkina Faso,SSF,12380518526.0,18110624.0,BF,12.238333,-1.561593,BFA,2014,35.3,2018,4.927,683.61
Bangladesh,SAS,167771000000.0,155727053.0,BD,23.684994,90.356331,BGD,2016,32.4,2018,4.499,1077.34
Bulgaria,ECS,56792405577.0,7177991.0,BG,42.733883,25.48583,BGR,2014,37.4,2018,5.099,7912.02
Bosnia and Herzegovina,ECS,18929698720.0,3535961.0,BA,43.915886,17.679076,BIH,2015,32.7,2018,5.887,5353.48
Belarus,ECS,59187019676.0,9489616.0,BY,53.709807,27.953389,BLR,2016,27.0,2018,5.234,6237.03
Bolivia,LCN,26758341469.0,10724705.0,BO,-16.290154,-63.588653,BOL,2016,44.6,2018,5.916,2495.02
Brazil,LCN,2256910000000.0,205962108.0,BR,-14.235004,-51.92528,BRA,2015,51.3,2018,6.191,10957.89
Bhutan,SAS,2234759342.0,686958.0,BT,27.514162,90.433601,BTN,2012,38.8,2015,5.082,3253.12
Botswana,SSF,16843294913.0,2014866.0,BW,-22.328474,24.684866,BWA,2009,60.5,2018,3.461,8359.51
Central African Republic,SSF,1496562092.0,4515392.0,CF,6.611111,20.939444,CAF,2008,56.2,2017,3.476,331.44
Canada,NAC,1828000000000.0,35544564.0,CA,56.130366,-106.346771,CAN,2013,34.0,2018,7.175,51428.4
Switzerland,ECS,642090000000.0,8372098.0,CH,46.818188,8.227512,CHE,2014,32.5,2018,7.509,76694.04
Chile,LCN,267904000000.0,16829442.0,CL,-35.675147,-71.542969,CHL,2015,47.7,2018,6.436,15918.77
China,EAS,9505160000000.0,1370000000.0,CN,35.86166,104.195397,CHN,2012,42.2,2018,5.131,6938.07
Cameroon,SSF,35051979601.0,21655715.0,CM,7.369722,12.354722,CMR,2014,46.6,2018,5.251,1618.6
Colombia,LCN,366457000000.0,46406646.0,CO,4.570868,-74.297333,COL,2016,50.8,2018,5.984,7896.65
Comoros,SSF,611370805.2,777424.0,KM,-11.875001,43.872219,COM,2013,45.3,2018,3.973,786.41
Costa Rica,LCN,46551438317.0,4757575.0,CR,9.748917,-83.753428,CRI,2016,48.7,2018,7.141,9784.7
Cyprus,ECS,24311614955.0,1160985.0,CY,35.126413,33.429859,CYP,2015,34.0,2018,6.276,20940.51
Czech Republic,ECS,231340000000.0,10546059.0,CZ,49.817492,15.472962,CZE,2015,25.9,2018,7.034,21936.16
Germany,ECS,3781700000000.0,81686611.0,DE,51.165691,10.451526,DEU,2015,31.7,2018,7.118,46295.22
Djibouti,MEA,,746221.0,DJ,11.825138,42.590275,DJI,2013,44.1,2011,4.369,
Denmark,ECS,347520000000.0,5683483.0,DK,56.26392,9.501785,DNK,2015,28.2,2018,7.649,61145.6
Dominican Republic,LCN,73664129265.0,10528394.0,DO,18.735693,-70.162651,DOM,2016,45.3,2018,5.433,6996.71
Algeria,MEA,196035000000.0,40606052.0,DZ,28.033886,1.659626,DZA,2011,27.6,2018,5.043,4827.73
Ecuador,LCN,85056519293.0,16144368.0,EC,-1.831239,-78.183406,ECU,2016,45.0,2018,6.128,5268.49
Spain,ECS,1464510000000.0,46447697.0,ES,40.463667,-3.74922,ESP,2015,36.2,2018,6.513,31530.3
Estonia,ECS,23808677023.0,1315407.0,EE,58.595272,25.013607,EST,2015,32.7,2018,6.091,18099.86
Ethiopia,SSF,52347226230.0,99873033.0,ET,9.145,40.489673,ETH,2015,39.1,2018,4.379,524.14
Finland,ECS,252692000000.0,5479531.0,FI,61.92411,25.748151,FIN,2015,27.1,2018,7.858,46115.63
France,ECS,2806040000000.0,66624068.0,FR,46.227638,2.213749,FRA,2015,32.7,2018,6.666,42117.51
Gabon,SSF,18912467101.0,1086137.0,GA,-0.803689,11.609444,GAB,2005,42.2,2018,4.783,17412.6
United Kingdom,ECS,2757620000000.0,65128861.0,GB,55.378051,-3.435973,GBR,2015,33.2,2018,7.233,42340.98
Georgia,ECS,15189614351.0,3717100.0,GE,42.315407,43.356892,GEO,2016,36.5,2018,4.659,4086.42
Ghana,SSF,48199090352.0,21542009.0,GH,7.946527,-1.023194,GHA,2012,42.4,2017,5.481,2237.45
Guinea,SSF,9667718427.0,8132552.0,GN,9.945587,-9.696645,GIN,2012,33.7,2018,5.252,1188.77
Greece,ECS,244481000000.0,10892413.0,GR,39.074208,21.824312,GRC,2015,36.0,2018,5.409,22445.07
Guatemala,LCN,51421926688.0,16252429.0,GT,15.783471,-90.230759,GTM,2014,48.3,2018,6.627,3163.95
Honduras,LCN,19545909275.0,9112867.0,HN,15.199999,-86.241905,HND,2016,50.0,2018,5.908,2144.87
Croatia,ECS,61095271083.0,4203604.0,HR,45.1,15.2,HRV,2015,30.8,2018,5.536,14534.02
Haiti,LCN,7911616492.0,10847334.0,HT,18.971187,-72.285215,HTI,2012,41.1,2018,3.615,729.36
Hungary,ECS,147183000000.0,9843028.0,HU,47.162494,19.503304,HUN,2015,30.4,2017,6.065,14953.02
Indonesia,EAS,1037860000000.0,261115456.0,ID,-0.789275,113.921327,IDN,2013,39.5,2018,5.34,3974.72
Ireland,ECS,332361000000.0,4586897.0,IE,53.41291,-8.24389,IRL,2014,31.9,2018,6.962,72458.79
Iraq,MEA,213938000000.0,36115649.0,IQ,33.223191,43.679291,IRQ,2012,29.5,2017,4.462,5923.69
Iceland,ECS,16434890343.0,330815.0,IS,64.963051,-19.020835,ISL,2014,25.6,2017,7.476,49680.0
Israel,MEA,287808000000.0,8380100.0,IL,31.046051,34.851612,ISR,2012,41.4,2018,6.927,34344.22
Italy,ECS,2080640000000.0,60730582.0,IT,41.87194,12.56738,ITA,2014,34.7,2018,6.517,34260.17
Jordan,MEA,30811666897.0,8413464.0,JO,30.585164,36.238414,JOR,2010,33.7,2018,4.639,3662.19
Japan,EAS,6052670000000.0,127000000.0,JP,36.204824,138.252924,JPN,2008,32.1,2018,5.794,47658.82
Kazakhstan,ECS,188309000000.0,16791425.0,KZ,48.019573,66.923684,KAZ,2015,26.9,2018,6.008,11214.59
Lebanon,MEA,42911390492.0,5603279.0,LB,33.854721,35.862285,LBN,2011,31.8,2018,5.167,7658.26
Liberia,SSF,1627046588.0,3512932.0,LR,6.428055,-9.429499,LBR,2014,33.2,2018,4.135,463.16
Sri Lanka,SAS,79907042295.0,21200000.0,LK,7.873054,80.771797,LKA,2016,39.8,2018,4.4,3769.2
Lesotho,SSF,2980616573.0,1965662.0,LS,-29.609988,28.233608,LSO,2010,54.2,2017,3.795,1516.34
Lithuania,ECS,45735444769.0,2904910.0,LT,55.169438,23.881275,LTU,2015,37.4,2018,6.309,15744.19
Luxembourg,ECS,63207264513.0,569604.0,LU,49.815273,6.129583,LUX,2014,31.2,2018,7.243,110967.03
Latvia,ECS,28871503534.0,1977527.0,LV,56.879635,24.603189,LVA,2015,34.2,2018,5.901,14599.8
Morocco,MEA,114784000000.0,34318082.0,MA,31.791702,-7.09262,MAR,2006,40.7,2018,4.897,3344.71
Moldova,ECS,7354798041.0,3554108.0,MD,47.411631,28.369885,MDA,2016,26.3,2018,5.682,2069.38
Madagascar,SSF,10356200861.0,24894551.0,MG,-18.766947,46.869107,MDG,2012,42.6,2018,4.071,416.0
Mexico,LCN,1259040000000.0,125890949.0,MX,23.634501,-102.552784,MEX,2016,43.4,2018,6.55,10001.04
Mali,SSF,13421822111.0,16006670.0,ML,17.570692,-3.996166,MLI,2009,33.0,2018,4.416,838.51
Malta,MEA,11868476821.0,431874.0,MT,35.937496,14.375416,MLT,2014,29.0,2018,6.91,27481.34
Montenegro,ECS,4662831376.0,622159.0,ME,42.708678,19.37439,MNE,2014,31.9,2018,5.65,7494.6
Mongolia,EAS,11825367387.0,3027398.0,MN,46.862496,103.846656,MNG,2016,32.3,2018,5.465,3906.12
Mauritania,SSF,5574151157.0,3506288.0,MR,21.00789,-10.940835,MRT,2014,32.6,2018,4.314,1589.76
Mauritius,SSF,12409842083.0,1263473.0,MU,-20.348404,57.552152,MUS,2012,35.8,2018,5.882,9822.01
Malawi,SSF,8710223822.0,16577147.0,MW,-13.254308,34.301525,MWI,2010,45.5,2018,3.335,525.44
Malaysia,EAS,344052000000.0,30228017.0,MY,4.210484,101.975766,MYS,2009,46.3,2018,5.339,11381.89
Namibia,SSF,14950179757.0,1559983.0,,-22.95764,18.49041,NAM,2009,61.0,2018,4.834,9583.55
Niger,SSF,8106889865.0,8842415.0,NE,17.607789,8.081666,NER,2014,34.3,2018,5.164,916.82
Nigeria,SSF,456775000000.0,154402181.0,NG,9.081999,8.675277,NGA,2009,43.0,2018,5.252,2958.35
Nicaragua,LCN,11955466051.0,5737723.0,NI,12.865416,-85.207229,NIC,2014,46.2,2018,5.819,2083.66
Netherlands,ECS,890136000000.0,16939923.0,NL,52.132633,5.291266,NLD,2015,29.3,2018,7.463,52546.64
Norway,ECS,472766000000.0,5188607.0,NO,60.472024,8.468946,NOR,2015,27.5,2018,7.444,91116.17
Nepal,SAS,19856634053.0,28982771.0,NP,28.394857,84.124008,NPL,2010,32.8,2018,4.91,685.12
Pakistan,SAS,227867000000.0,193203476.0,PK,30.375321,69.345116,PAK,2013,30.7,2018,5.472,1179.41
Panama,LCN,44789036003.0,3969249.0,PA,8.537981,-80.782127,PAN,2016,50.4,2018,6.281,11284.01
Peru,LCN,193653000000.0,30973354.0,PE,-9.189967,-75.015152,PER,2016,43.8,2018,5.68,6252.25
Philippines,EAS,284349000000.0,103320222.0,PH,12.879721,121.774017,PHL,2015,40.1,2018,5.869,2752.11
Poland,ECS,572132000000.0,37986412.0,PL,51.919438,19.145136,POL,2015,31.8,2017,6.201,15061.49
Portugal,ECS,231745000000.0,10401062.0,PT,39.399872,-8.224454,PRT,2015,35.5,2018,5.92,22280.9
Paraguay,LCN,26400622643.0,6639119.0,PY,-23.442503,-58.443832,PRY,2016,47.9,2017,5.713,3976.52
Romania,ECS,200217000000.0,19815481.0,RO,45.943161,24.96676,ROU,2016,28.3,2018,6.151,10104.07
Rwanda,SSF,8805014649.0,11917508.0,RW,-1.940278,29.873888,RWA,2013,50.4,2018,3.561,738.83
Sudan,SSF,76149479953.0,38647803.0,SD,12.862807,30.217636,SDN,2009,35.4,2014,4.139,1970.34
Senegal,SSF,16833353304.0,15411614.0,SN,14.497401,-14.452362,SEN,2011,40.3,2018,4.769,1092.25
Sierra Leone,SSF,3355384560.0,5439695.0,SL,8.460555,-11.779889,SLE,2011,34.0,2018,4.306,616.83
El Salvador,LCN,21588556542.0,6164626.0,SV,13.794185,-88.89653,SLV,2016,40.0,2018,6.276,3502.01
Serbia,ECS,41308012850.0,7095383.0,RS,44.016521,21.005859,SRB,2015,28.5,2018,5.936,5821.82
Suriname,LCN,4527379879.0,526103.0,SR,3.919305,-56.027783,SUR,1999,57.6,2012,6.269,8605.5
Slovenia,ECS,50511749002.0,2063531.0,SI,46.151241,14.995463,SVN,2015,25.4,2018,6.249,24478.31
Sweden,ECS,560387000000.0,9799186.0,SE,60.128161,18.643501,SWE,2015,29.2,2018,7.375,57187.1
Chad,SSF,12642608725.0,11887202.0,TD,15.454166,18.732207,TCD,2011,43.3,2018,4.486,1063.55
Togo,SSF,4264876064.0,7228915.0,TG,8.619543,0.824782,TGO,2015,43.1,2018,4.023,589.97
Thailand,EAS,407015000000.0,68657600.0,TH,15.870032,100.992541,THA,2013,37.8,2018,6.012,5928.19
Tajikistan,ECS,8458800788.0,8177809.0,TJ,38.861034,71.276093,TJK,2015,34.0,2017,5.829,1034.36
Trinidad and Tobago,LCN,21519942195.0,1328100.0,TT,10.691803,-61.222503,TTO,1992,40.3,2017,6.192,16203.56
Tunisia,MEA,48682059522.0,11143908.0,TN,33.886917,9.537499,TUN,2010,35.8,2018,4.741,4368.49
Turkey,ECS,1122510000000.0,78271472.0,TR,38.963745,35.243322,TUR,2016,41.9,2018,5.186,14341.24
Tanzania,SSF,46775259596.0,49082997.0,TZ,-6.369028,34.888822,TZA,2011,37.8,2018,3.445,952.98
Uganda,SSF,27483055272.0,35093648.0,UG,1.373333,32.290275,UGA,2012,41.0,2018,4.322,783.13
Ukraine,ECS,124000000000.0,45004645.0,UA,48.379433,31.16558,UKR,2016,25.0,2018,4.662,2755.27
Uruguay,LCN,48362932954.0,3431552.0,UY,-32.522779,-55.765835,URY,2016,39.7,2018,6.372,14093.6
United States,NAC,16920300000000.0,318563456.0,US,37.09024,-95.712891,USA,2016,41.5,2018,6.883,53114.38
Vietnam,EAS,164105000000.0,86932500.0,VN,14.058324,108.277199,VNM,2014,34.8,2018,5.296,1887.73
Kosovo,ECS,7129271792.0,1801800.0,XK,42.602636,20.902977,XKX,2015,26.4,2018,6.392,3956.75
South Africa,SSF,421209000000.0,51729345.36,ZA,-30.559482,22.937506,ZAF,2014,63.0,2018,4.884,8142.55
Zambia,SSF,27037168289.0,14264756.0,ZM,-13.133897,27.849332,ZMB,2015,57.1,2018,4.041,1895.38
